-- phpMyAdmin SQL Dump
-- version 5.2.0
-- https://www.phpmyadmin.net/
--
-- Gép: 127.0.0.1
-- Létrehozás ideje: 2023. Nov 26. 18:52
-- Kiszolgáló verziója: 10.4.25-MariaDB
-- PHP verzió: 8.1.10

SET SQL_MODE = "NO_AUTO_VALUE_ON_ZERO";
START TRANSACTION;
SET time_zone = "+00:00";


/*!40101 SET @OLD_CHARACTER_SET_CLIENT=@@CHARACTER_SET_CLIENT */;
/*!40101 SET @OLD_CHARACTER_SET_RESULTS=@@CHARACTER_SET_RESULTS */;
/*!40101 SET @OLD_COLLATION_CONNECTION=@@COLLATION_CONNECTION */;
/*!40101 SET NAMES utf8mb4 */;

--
-- Adatbázis: `hulladek`
--

-- --------------------------------------------------------

--
-- Tábla szerkezet ehhez a táblához `felhasznalok`
--

CREATE TABLE `felhasznalok` (
  `id` int(11) NOT NULL,
  `UserName` varchar(50) NOT NULL,
  `Password` varchar(20) NOT NULL,
  `Privilages` int(2) NOT NULL
) ENGINE=InnoDB DEFAULT CHARSET=utf8mb4;

-- --------------------------------------------------------

--
-- Tábla szerkezet ehhez a táblához `lakig`
--

CREATE TABLE `lakig` (
  `azon` int(11) NOT NULL,
  `igeny` date NOT NULL,
  `szolgid` int(2) NOT NULL,
  `mennyiseg` int(3) NOT NULL
) ENGINE=InnoDB DEFAULT CHARSET=utf8mb4;

--
-- A tábla adatainak kiíratása `lakig`
--

INSERT INTO `lakig` (`azon`, `igeny`, `szolgid`, `mennyiseg`) VALUES
(1, '2018-01-04', 5, 1),
(2, '2018-01-11', 5, 1),
(3, '2018-01-18', 4, 2),
(4, '2018-01-18', 5, 1),
(5, '2018-01-17', 3, 1),
(6, '2018-01-24', 5, 1),
(7, '2018-01-30', 1, 3),
(8, '2018-01-31', 4, 1),
(9, '2018-02-01', 5, 1),
(10, '2018-02-08', 5, 1),
(11, '2018-02-13', 4, 1),
(12, '2018-02-15', 5, 1),
(13, '2018-02-22', 5, 1),
(14, '2018-02-27', 1, 2),
(15, '2018-03-02', 4, 1),
(16, '2018-03-01', 5, 1),
(17, '2018-03-04', 3, 2),
(18, '2018-03-08', 5, 1),
(19, '2018-03-15', 5, 1),
(20, '2018-03-21', 5, 1),
(21, '2018-03-29', 5, 1),
(22, '2018-04-03', 3, 6),
(23, '2018-04-05', 5, 1),
(24, '2018-04-11', 3, 1),
(25, '2018-04-09', 4, 1),
(26, '2018-04-10', 5, 1),
(27, '2018-04-19', 5, 1),
(28, '2018-04-26', 5, 1),
(29, '2018-04-29', 3, 5),
(30, '2018-05-03', 5, 1),
(31, '2018-05-06', 3, 4),
(32, '2018-05-10', 5, 1),
(33, '2018-05-16', 3, 3),
(34, '2018-05-17', 5, 1),
(35, '2018-05-21', 3, 3),
(36, '2018-05-22', 1, 1),
(37, '2018-05-24', 4, 1),
(38, '2018-05-24', 5, 1),
(39, '2018-05-27', 3, 3),
(40, '2018-05-31', 5, 1),
(41, '2018-06-03', 5, 1),
(42, '2018-06-04', 3, 5),
(43, '2018-06-04', 1, 3),
(44, '2018-06-06', 4, 3),
(45, '2018-06-07', 5, 1),
(46, '2018-06-10', 5, 1),
(47, '2018-06-10', 3, 2),
(48, '2018-06-14', 5, 1),
(49, '2018-06-17', 5, 1),
(50, '2018-06-20', 3, 2),
(51, '2018-06-20', 4, 1),
(52, '2018-06-21', 5, 1),
(53, '2018-06-24', 5, 1),
(54, '2018-06-25', 3, 2),
(55, '2018-06-27', 5, 1),
(56, '2018-07-01', 5, 1),
(57, '2018-07-02', 3, 1),
(58, '2018-07-02', 4, 3),
(59, '2018-07-05', 5, 1),
(60, '2018-07-08', 5, 1),
(61, '2018-07-08', 3, 3),
(62, '2018-07-12', 5, 1),
(63, '2018-07-15', 5, 1),
(64, '2018-07-16', 3, 1),
(65, '2018-07-18', 1, 1),
(66, '2018-07-19', 4, 2),
(67, '2018-07-19', 5, 1),
(68, '2018-07-22', 5, 1),
(69, '2018-07-22', 3, 1),
(70, '2018-07-26', 5, 1),
(71, '2018-07-29', 5, 1),
(72, '2018-07-31', 3, 2),
(73, '2018-08-26', 5, 1),
(74, '2018-08-29', 3, 3),
(75, '2018-08-27', 1, 1),
(76, '2018-08-29', 4, 1),
(77, '2018-08-30', 5, 1),
(78, '2018-09-01', 3, 4),
(79, '2018-09-06', 5, 1),
(80, '2018-09-09', 3, 3),
(81, '2018-09-10', 1, 3),
(82, '2018-09-13', 5, 1),
(83, '2018-09-18', 3, 2),
(84, '2018-09-20', 5, 1),
(85, '2018-09-23', 3, 1),
(86, '2018-09-24', 4, 2),
(87, '2018-09-27', 5, 1),
(88, '2018-09-29', 3, 1),
(89, '2018-10-10', 3, 2),
(90, '2018-10-04', 5, 1),
(91, '2018-10-10', 5, 1),
(92, '2018-10-15', 3, 2),
(93, '2018-10-18', 5, 1),
(94, '2018-10-22', 3, 6),
(95, '2018-10-25', 5, 1),
(96, '2018-10-31', 3, 3),
(97, '2018-11-01', 5, 1),
(98, '2018-11-04', 3, 13),
(99, '2018-11-05', 1, 2),
(100, '2018-11-07', 4, 1),
(101, '2018-11-15', 5, 1),
(102, '2018-11-17', 3, 7),
(103, '2018-11-22', 5, 1),
(104, '2018-11-26', 3, 3),
(105, '2018-11-29', 5, 1),
(106, '2018-12-06', 5, 1),
(107, '2018-12-13', 5, 1),
(108, '2018-12-19', 4, 2),
(109, '2018-12-20', 5, 1),
(110, '2018-12-26', 5, 1);

-- --------------------------------------------------------

--
-- Tábla szerkezet ehhez a táblához `naptar`
--

CREATE TABLE `naptar` (
  `azon` int(11) NOT NULL,
  `datum` date NOT NULL,
  `szolgid` int(2) NOT NULL
) ENGINE=InnoDB DEFAULT CHARSET=utf8mb4;

--
-- A tábla adatainak kiíratása `naptar`
--

INSERT INTO `naptar` (`azon`, `datum`, `szolgid`) VALUES
(1, '2018-01-03', 1),
(2, '2018-01-03', 4),
(3, '2018-01-04', 5),
(4, '2018-01-11', 5),
(5, '2018-01-17', 1),
(6, '2018-01-17', 4),
(7, '2018-01-18', 5),
(8, '2018-01-18', 3),
(9, '2018-01-25', 5),
(10, '2018-01-25', 3),
(11, '2018-01-31', 1),
(12, '2018-01-31', 4),
(13, '2018-02-01', 5),
(14, '2018-02-08', 5),
(15, '2018-02-14', 1),
(16, '2018-02-14', 4),
(17, '2018-02-15', 5),
(18, '2018-02-22', 5),
(19, '2018-02-28', 1),
(20, '2018-02-28', 4),
(21, '2018-03-01', 5),
(22, '2018-03-05', 3),
(23, '2018-03-08', 5),
(24, '2018-03-12', 3),
(25, '2018-03-14', 1),
(26, '2018-03-14', 4),
(27, '2018-03-15', 5),
(28, '2018-03-19', 3),
(29, '2018-03-22', 5),
(30, '2018-03-26', 3),
(31, '2018-03-28', 1),
(32, '2018-03-28', 4),
(33, '2018-03-29', 5),
(34, '2018-04-02', 3),
(35, '2018-04-05', 5),
(36, '2018-04-09', 3),
(37, '2018-04-11', 1),
(38, '2018-04-11', 4),
(39, '2018-04-12', 5),
(40, '2018-04-16', 3),
(41, '2018-04-19', 5),
(42, '2018-04-23', 3),
(43, '2018-04-25', 1),
(44, '2018-04-25', 4),
(45, '2018-04-26', 5),
(46, '2018-04-30', 3),
(47, '2018-05-03', 5),
(48, '2018-05-07', 3),
(49, '2018-05-09', 1),
(50, '2018-05-10', 5),
(51, '2018-05-14', 3),
(52, '2018-05-17', 5),
(53, '2018-05-21', 3),
(54, '2018-05-23', 1),
(55, '2018-05-23', 4),
(56, '2018-05-24', 5),
(57, '2018-05-28', 3),
(58, '2018-05-31', 5),
(59, '2018-06-03', 5),
(60, '2018-06-04', 3),
(61, '2018-06-06', 1),
(62, '2018-06-06', 4),
(63, '2018-06-07', 5),
(64, '2018-06-10', 5),
(65, '2018-06-11', 3),
(66, '2018-06-14', 5),
(67, '2018-06-17', 5),
(68, '2018-06-18', 3),
(69, '2018-06-20', 1),
(70, '2018-06-20', 4),
(71, '2018-06-21', 5),
(72, '2018-06-24', 5),
(73, '2018-06-25', 3),
(74, '2018-06-28', 5),
(75, '2018-07-01', 5),
(76, '2018-07-02', 3),
(77, '2018-07-04', 1),
(78, '2018-07-04', 4),
(79, '2018-07-05', 5),
(80, '2018-07-08', 5),
(81, '2018-07-09', 3),
(82, '2018-07-12', 5),
(83, '2018-07-15', 5),
(84, '2018-07-16', 3),
(85, '2018-07-18', 1),
(86, '2018-07-18', 4),
(87, '2018-07-19', 5),
(88, '2018-07-22', 5),
(89, '2018-07-23', 3),
(90, '2018-07-26', 5),
(91, '2018-07-29', 5),
(92, '2018-07-30', 3),
(93, '2018-08-01', 1),
(94, '2018-08-01', 4),
(95, '2018-08-02', 5),
(96, '2018-08-05', 5),
(97, '2018-08-06', 3),
(98, '2018-08-09', 5),
(99, '2018-08-12', 5),
(100, '2018-08-13', 3),
(101, '2018-08-15', 1),
(102, '2018-08-15', 4),
(103, '2018-08-16', 5),
(104, '2018-08-19', 5),
(105, '2018-08-20', 3),
(106, '2018-08-23', 5),
(107, '2018-08-26', 5),
(108, '2018-08-27', 3),
(109, '2018-08-29', 1),
(110, '2018-08-29', 4),
(111, '2018-08-30', 5),
(112, '2018-09-03', 3),
(113, '2018-09-06', 5),
(114, '2018-09-10', 3),
(115, '2018-09-12', 1),
(116, '2018-09-12', 4),
(117, '2018-09-13', 5),
(118, '2018-09-17', 3),
(119, '2018-09-20', 5),
(120, '2018-09-24', 3),
(121, '2018-09-26', 1),
(122, '2018-09-26', 4),
(123, '2018-09-27', 5),
(124, '2018-10-01', 3),
(125, '2018-10-04', 5),
(126, '2018-10-08', 3),
(127, '2018-10-10', 1),
(128, '2018-10-10', 4),
(129, '2018-10-11', 5),
(130, '2018-10-15', 3),
(131, '2018-10-18', 5),
(132, '2018-10-22', 3),
(133, '2018-10-24', 1),
(134, '2018-10-24', 4),
(135, '2018-10-25', 5),
(136, '2018-10-29', 3),
(137, '2018-11-01', 5),
(138, '2018-11-05', 3),
(139, '2018-11-07', 1),
(140, '2018-11-07', 4),
(141, '2018-11-08', 5),
(142, '2018-11-12', 3),
(143, '2018-11-15', 5),
(144, '2018-11-19', 3),
(145, '2018-11-21', 1),
(146, '2018-11-21', 4),
(147, '2018-11-22', 5),
(148, '2018-11-26', 3),
(149, '2018-11-29', 5),
(151, '2018-12-05', 1),
(152, '2018-12-05', 4),
(153, '2018-12-06', 5),
(154, '2018-12-13', 5),
(155, '2018-12-19', 1),
(156, '2018-12-20', 5),
(157, '2018-12-27', 5);

-- --------------------------------------------------------

--
-- Tábla szerkezet ehhez a táblához `szolgaltatas`
--

CREATE TABLE `szolgaltatas` (
  `id` int(11) NOT NULL,
  `tipus` varchar(100) NOT NULL,
  `jelentes` varchar(500) NOT NULL
) ENGINE=InnoDB DEFAULT CHARSET=utf8mb4;

--
-- A tábla adatainak kiíratása `szolgaltatas`
--

INSERT INTO `szolgaltatas` (`id`, `tipus`, `jelentes`) VALUES
(1, 'mua', 'Műanyag hulladék: PET palack, kozmetikai flakonok(PP+HDPE), szatyor, zacskó.'),
(2, 'uv', 'Üveg hulladék: színes és fehér üveg.'),
(3, 'zold', 'Zöldhulladék: komposztálható, kerti hulladékok.'),
(4, 'pa', 'Papírhulladékok: újságok, könyvek, kartondobozok.'),
(5, 'kom', 'Kommunális hulladék: szilárd, a lakókörnyezetünkben található, nem lebomló, nem veszélyes hulladék.');

--
-- Indexek a kiírt táblákhoz
--

--
-- A tábla indexei `felhasznalok`
--
ALTER TABLE `felhasznalok`
  ADD PRIMARY KEY (`id`);

--
-- A tábla indexei `lakig`
--
ALTER TABLE `lakig`
  ADD PRIMARY KEY (`azon`),
  ADD KEY `szolgid` (`szolgid`);

--
-- A tábla indexei `naptar`
--
ALTER TABLE `naptar`
  ADD PRIMARY KEY (`azon`),
  ADD KEY `szolgid` (`szolgid`);

--
-- A tábla indexei `szolgaltatas`
--
ALTER TABLE `szolgaltatas`
  ADD PRIMARY KEY (`id`);

--
-- A kiírt táblák AUTO_INCREMENT értéke
--

--
-- AUTO_INCREMENT a táblához `felhasznalok`
--
ALTER TABLE `felhasznalok`
  MODIFY `id` int(11) NOT NULL AUTO_INCREMENT;

--
-- AUTO_INCREMENT a táblához `lakig`
--
ALTER TABLE `lakig`
  MODIFY `azon` int(11) NOT NULL AUTO_INCREMENT, AUTO_INCREMENT=111;

--
-- AUTO_INCREMENT a táblához `naptar`
--
ALTER TABLE `naptar`
  MODIFY `azon` int(11) NOT NULL AUTO_INCREMENT, AUTO_INCREMENT=158;

--
-- AUTO_INCREMENT a táblához `szolgaltatas`
--
ALTER TABLE `szolgaltatas`
  MODIFY `id` int(11) NOT NULL AUTO_INCREMENT, AUTO_INCREMENT=6;

--
-- Megkötések a kiírt táblákhoz
--

--
-- Megkötések a táblához `lakig`
--
ALTER TABLE `lakig`
  ADD CONSTRAINT `lakig_ibfk_1` FOREIGN KEY (`szolgid`) REFERENCES `szolgaltatas` (`id`);

--
-- Megkötések a táblához `naptar`
--
ALTER TABLE `naptar`
  ADD CONSTRAINT `naptar_ibfk_1` FOREIGN KEY (`szolgid`) REFERENCES `szolgaltatas` (`id`);
COMMIT;

/*!40101 SET CHARACTER_SET_CLIENT=@OLD_CHARACTER_SET_CLIENT */;
/*!40101 SET CHARACTER_SET_RESULTS=@OLD_CHARACTER_SET_RESULTS */;
/*!40101 SET COLLATION_CONNECTION=@OLD_COLLATION_CONNECTION */;
